epoch,loss,acc
0,0.8038121461868286,0.6875
0,4.695181846618652,0.53125
0,1.97255277633667,0.4375
0,2.1531968116760254,0.40625
0,1.7261748313903809,0.65625
0,1.9951030015945435,0.53125
0,2.121990203857422,0.4375
0,1.4298043251037598,0.59375
0,1.4327733516693115,0.5625
0,1.4524019956588745,0.46875
0,1.7919831275939941,0.40625
0,1.7762621641159058,0.34375
0,0.8926345109939575,0.5625
0,1.616473913192749,0.4375
0,1.465234637260437,0.4375
0,0.7998788356781006,0.59375
0,2.061004638671875,0.34375
0,1.3972209692001343,0.40625
0,0.9685106873512268,0.46875
0,1.6949214935302734,0.34375
0,1.2180463075637817,0.65625
0,1.1012284755706787,0.65625
0,1.2840232849121094,0.375
0,0.6124389171600342,0.75
0,0.9815168976783752,0.375
0,0.8517884612083435,0.65625
0,1.000097632408142,0.53125
0,0.8415959477424622,0.53125
0,0.9300921559333801,0.5
0,0.6259945631027222,0.65625
0,0.8487616777420044,0.5
0,0.8132965564727783,0.53125
0,1.1575934886932373,0.59375
0,0.9237186312675476,0.5625
0,1.116778016090393,0.5
0,0.8268527984619141,0.53125
0,0.8579937219619751,0.53125
0,0.80836021900177,0.46875
0,1.2216317653656006,0.40625
0,0.8479758501052856,0.46875
0,1.3424776792526245,0.40625
0,0.7550076246261597,0.59375
0,0.7327024936676025,0.46875
0,0.8197754621505737,0.46875
0,0.9316051006317139,0.5625
0,1.1784436702728271,0.375
0,0.8342183828353882,0.53125
0,0.7317911386489868,0.5625
0,0.9581142067909241,0.65625
0,0.9201877117156982,0.5
0,0.8351776003837585,0.46875
0,0.8388725519180298,0.34375
0,0.7767849564552307,0.46875
0,0.8714725971221924,0.4375
0,0.8624140024185181,0.4375
0,0.7689478397369385,0.59375
0,0.9612154960632324,0.4375
0,0.8414281606674194,0.4642857313156128
1,0.7295957803726196,0.59375
1,0.695583701133728,0.53125
1,1.0372592210769653,0.40625
1,0.945903480052948,0.4375
1,0.9357075691223145,0.4375
1,0.8894913196563721,0.5
1,0.9786441922187805,0.40625
1,0.752572774887085,0.53125
1,0.7251320481300354,0.53125
1,0.7783268690109253,0.5
1,0.7882717847824097,0.46875
1,0.8316317796707153,0.375
1,0.6625173091888428,0.59375
1,0.8188725709915161,0.59375
1,1.1310865879058838,0.34375
1,0.9106655120849609,0.53125
1,0.8122596740722656,0.625
1,0.7862317562103271,0.625
1,0.8420246243476868,0.4375
1,0.7385332584381104,0.59375
1,0.708249568939209,0.65625
1,0.926924467086792,0.53125
1,0.8253615498542786,0.59375
1,0.6406948566436768,0.625
1,0.9357556104660034,0.5625
1,0.8206824064254761,0.46875
1,0.7507132291793823,0.59375
1,0.6844025254249573,0.65625
1,0.7369678616523743,0.625
1,0.7603659629821777,0.59375
1,0.8138995170593262,0.5
1,0.7734383344650269,0.53125
1,0.782219648361206,0.625
1,0.6645280718803406,0.65625
1,0.8343158960342407,0.4375
1,0.6839241981506348,0.59375
1,0.8723571300506592,0.4375
1,0.7065481543540955,0.5
1,0.8006470203399658,0.5625
1,0.8052728176116943,0.40625
1,0.7194805145263672,0.5
1,0.7998172640800476,0.46875
1,0.7775146961212158,0.59375
1,0.8502534031867981,0.53125
1,0.6397476196289062,0.59375
1,0.6389255523681641,0.65625
1,0.7364214658737183,0.53125
1,0.9111976623535156,0.53125
1,0.8378980159759521,0.46875
1,0.8166559934616089,0.53125
1,0.7013154029846191,0.53125
1,0.7944537997245789,0.5
1,0.9120113849639893,0.40625
1,0.8753969669342041,0.46875
1,0.896702766418457,0.4375
1,0.6513059139251709,0.5625
1,1.004198431968689,0.375
1,0.7804588079452515,0.5714285969734192
2,0.7835487127304077,0.375
2,0.8654114007949829,0.5625
2,0.6740244626998901,0.65625
2,0.7392315864562988,0.4375
2,0.7830425500869751,0.5625
2,0.8282053470611572,0.375
2,0.6388640403747559,0.6875
2,0.7180612683296204,0.5
2,0.8203633427619934,0.59375
2,0.7155301570892334,0.4375
2,0.8643497228622437,0.5
2,0.7514098882675171,0.5
2,0.723288893699646,0.5
2,0.7244176268577576,0.5
2,0.7490766048431396,0.59375
2,0.7017396092414856,0.53125
2,0.6763623952865601,0.625
2,0.8215399980545044,0.53125
2,0.7841194868087769,0.375
2,0.8431002497673035,0.40625
2,0.7836809754371643,0.46875
2,0.8120887875556946,0.59375
2,1.285091757774353,0.40625
2,0.8704622983932495,0.40625
2,0.6870092749595642,0.59375
2,0.6919367909431458,0.5
2,0.8710686564445496,0.5
2,0.7131590843200684,0.6875
2,0.8678903579711914,0.59375
2,0.7133065462112427,0.625
2,0.7310712933540344,0.5625
2,0.7689300179481506,0.53125
2,0.7454401254653931,0.53125
2,0.8033325672149658,0.46875
2,0.8352116346359253,0.4375
2,0.7881890535354614,0.40625
2,0.7047399878501892,0.53125
2,0.8209033012390137,0.5625
2,0.7863271236419678,0.53125
2,0.7665101885795593,0.40625
2,0.7218823432922363,0.59375
2,0.961830198764801,0.5625
2,0.7604020833969116,0.75
2,0.958122968673706,0.53125
2,1.1484496593475342,0.5
2,0.8372249603271484,0.59375
2,0.8012299537658691,0.40625
2,0.6946038007736206,0.53125
2,0.9520649909973145,0.46875
2,0.8606075048446655,0.4375
2,0.7877169847488403,0.6875
2,0.7654250860214233,0.59375
2,0.8716203570365906,0.53125
2,1.1742191314697266,0.5
2,0.6582680940628052,0.46875
2,0.9438988566398621,0.25
2,0.6971498727798462,0.5625
2,0.8408890962600708,0.3214285969734192
3,0.8655778169631958,0.4375
3,0.9468375444412231,0.53125
3,0.6999096870422363,0.46875
3,0.728026807308197,0.46875
3,0.6763631701469421,0.5
3,0.7029042840003967,0.53125
3,0.7585523128509521,0.5
3,0.7508326172828674,0.5625
3,0.8635287284851074,0.4375
3,0.6980353593826294,0.53125
3,0.7389882206916809,0.5625
3,0.7970390319824219,0.40625
3,0.6651292443275452,0.625
3,0.7311714291572571,0.40625
3,0.8202455043792725,0.5
3,0.9039443731307983,0.375
3,0.6156958341598511,0.46875
3,0.8492954969406128,0.4375
3,0.773115873336792,0.4375
3,1.031144380569458,0.40625
3,0.6730058193206787,0.59375
3,0.881219744682312,0.5
3,0.7421077489852905,0.46875
3,0.7447152137756348,0.4375
3,0.8410398960113525,0.46875
3,0.6455940008163452,0.625
3,0.8307327032089233,0.65625
3,1.015230655670166,0.46875
3,0.7379180192947388,0.59375
3,0.9431940317153931,0.53125
3,1.144477128982544,0.5
3,0.7631616592407227,0.6875
3,1.1176080703735352,0.46875
3,1.007773995399475,0.34375
3,0.9509902000427246,0.375
3,0.6825809478759766,0.65625
3,0.731838583946228,0.46875
3,1.1272685527801514,0.5625
3,0.9077265858650208,0.71875
3,0.9849323630332947,0.5
3,0.8005068898200989,0.4375
3,0.6873465776443481,0.65625
3,1.0288565158843994,0.46875
3,0.6622430086135864,0.65625
3,0.7038041949272156,0.5
3,0.9201404452323914,0.6875
3,0.7047551274299622,0.5
3,0.827241837978363,0.46875
3,0.7081948518753052,0.625
3,0.8382834196090698,0.5
3,0.7183699011802673,0.59375
3,0.6921320557594299,0.53125
3,0.7061213254928589,0.6875
3,0.6670548915863037,0.5625
3,0.9572533369064331,0.46875
3,0.7355314493179321,0.5625
3,0.7850590944290161,0.71875
3,0.806398332118988,0.4285714626312256
4,0.7963036298751831,0.5
4,0.8095229864120483,0.53125
4,0.6752012968063354,0.625
4,1.0310025215148926,0.46875
4,0.7458951473236084,0.625
4,0.7660191059112549,0.6875
4,0.7329162955284119,0.46875
4,0.8052806854248047,0.5625
4,0.6862856149673462,0.5625
4,0.8060363531112671,0.40625
4,0.6908107399940491,0.59375
4,0.7821109294891357,0.4375
4,0.7822226285934448,0.5625
4,0.8076779842376709,0.5625
4,0.7784938216209412,0.5
4,0.6977710723876953,0.5
4,0.8856303691864014,0.25
4,0.7490048408508301,0.5
4,0.8325159549713135,0.59375
4,0.76487797498703,0.5
4,0.722099244594574,0.46875
4,0.6843065619468689,0.5625
4,0.6779699325561523,0.59375
4,0.7085834741592407,0.65625
4,0.6410523056983948,0.59375
4,0.6737631559371948,0.59375
4,0.7976876497268677,0.46875
4,0.6633189916610718,0.59375
4,1.0416617393493652,0.59375
4,0.6574642658233643,0.625
4,0.8139792680740356,0.59375
4,0.8629476428031921,0.625
4,0.7773075103759766,0.65625
4,0.9621199369430542,0.5
4,0.7000388503074646,0.59375
4,0.6875708699226379,0.625
4,0.7091139554977417,0.53125
4,0.6941986083984375,0.625
4,0.8225484490394592,0.71875
4,0.8130940794944763,0.46875
4,0.6591456532478333,0.5625
4,0.8457504510879517,0.5625
4,0.6361902356147766,0.65625
4,0.6149869561195374,0.65625
4,0.8607807159423828,0.4375
4,0.8108000159263611,0.59375
4,0.7929118871688843,0.40625
4,0.8806648254394531,0.34375
4,0.728931188583374,0.625
4,1.0865998268127441,0.4375
4,0.8246247172355652,0.46875
4,0.7444702386856079,0.5
4,0.7019582986831665,0.59375
4,1.163692831993103,0.375
4,0.7467056512832642,0.5625
4,1.0490374565124512,0.40625
4,0.8117247223854065,0.5
4,0.8703013062477112,0.6785714626312256
5,0.5754390954971313,0.6875
5,0.6597754955291748,0.4375
5,0.673098087310791,0.625
5,0.6366840600967407,0.59375
5,0.7867175340652466,0.4375
5,0.716813862323761,0.5625
5,0.6579321622848511,0.625
5,0.7405271530151367,0.46875
5,0.6689156293869019,0.625
5,0.6381887793540955,0.625
5,0.8378876447677612,0.59375
5,0.809040904045105,0.46875
5,0.6951027512550354,0.53125
5,0.6849073171615601,0.59375
5,0.7721425294876099,0.59375
5,0.9139600396156311,0.4375
5,0.9769412279129028,0.5
5,0.8671183586120605,0.34375
5,0.7012280225753784,0.53125
5,0.5881238579750061,0.625
5,0.6899271011352539,0.53125
5,0.7514857053756714,0.53125
5,0.7817583084106445,0.46875
5,0.6055079698562622,0.6875
5,1.011232614517212,0.53125
5,0.7332158088684082,0.5625
5,0.6406195163726807,0.5625
5,0.6737526059150696,0.53125
5,0.6767623424530029,0.59375
5,0.663898229598999,0.6875
5,0.8001911640167236,0.4375
5,0.6405291557312012,0.5625
5,0.8113771677017212,0.53125
5,0.6795204281806946,0.53125
5,0.99802166223526,0.53125
5,0.8471629619598389,0.53125
5,0.7733306884765625,0.59375
5,0.6922518014907837,0.5
5,0.6247061491012573,0.625
5,1.1057438850402832,0.4375
5,0.927619993686676,0.5
5,0.8779237270355225,0.34375
5,0.7914166450500488,0.4375
5,0.9934164881706238,0.4375
5,0.8829196691513062,0.5625
5,0.7880803346633911,0.5
5,0.97347491979599,0.46875
5,0.8700516223907471,0.5
5,0.7027279138565063,0.5
5,0.7648884654045105,0.59375
5,0.8106310367584229,0.5
5,0.7572950124740601,0.5
5,0.6514071226119995,0.75
5,0.76418137550354,0.5
5,0.7554646730422974,0.59375
5,0.8927281498908997,0.5
5,0.7406567335128784,0.5625
5,0.8493531942367554,0.5
6,0.61960768699646,0.71875
6,0.7269560098648071,0.46875
6,0.7205849885940552,0.59375
6,0.6552644968032837,0.625
6,0.6648603677749634,0.59375
6,0.5327796339988708,0.75
6,0.6055343747138977,0.65625
6,0.8341941833496094,0.5625
6,0.6222347021102905,0.75
6,0.7674776315689087,0.40625
6,0.6948015689849854,0.59375
6,0.7590330839157104,0.5625
6,0.7871107459068298,0.4375
6,0.6793035268783569,0.59375
6,0.7716820240020752,0.625
6,0.7000319957733154,0.625
6,0.6432700157165527,0.78125
6,0.6664961576461792,0.53125
6,0.6017077565193176,0.71875
6,0.599826455116272,0.71875
6,0.7590197324752808,0.375
6,0.7300413846969604,0.5625
6,0.6282051801681519,0.625
6,0.5763344764709473,0.78125
6,0.6265588402748108,0.625
6,0.6323508024215698,0.65625
6,0.6901695132255554,0.625
6,1.1620092391967773,0.5
6,0.7498152256011963,0.53125
6,0.7918095588684082,0.53125
6,0.73882657289505,0.53125
6,0.6892677545547485,0.625
6,0.6911391019821167,0.46875
6,0.704323410987854,0.53125
6,0.6950990557670593,0.6875
6,0.9374574422836304,0.46875
6,0.6513382196426392,0.5625
6,0.6293178796768188,0.59375
6,0.7754276990890503,0.5
6,0.671639084815979,0.5625
6,0.6098264455795288,0.75
6,0.6322572827339172,0.71875
6,0.6333329081535339,0.625
6,0.6855404376983643,0.59375
6,0.6879630088806152,0.53125
6,0.7984225749969482,0.46875
6,1.0694234371185303,0.5625
6,0.5956137776374817,0.625
6,0.6996367573738098,0.59375
6,0.7620513439178467,0.71875
6,0.7310206294059753,0.5625
6,0.7106292247772217,0.5625
6,0.6669327616691589,0.59375
6,0.8691093921661377,0.46875
6,0.6498583555221558,0.53125
6,0.8681460618972778,0.4375
6,0.7777984142303467,0.59375
6,0.716546356678009,0.5
7,0.6031733155250549,0.5625
7,0.656539797782898,0.625
7,0.638017475605011,0.78125
7,0.7180287837982178,0.5
7,0.6427154541015625,0.59375
7,0.6421761512756348,0.71875
7,0.6124924421310425,0.6875
7,0.6085661053657532,0.625
7,0.6915507316589355,0.59375
7,0.7539193630218506,0.5625
7,0.7163512706756592,0.625
7,0.6371464729309082,0.5625
7,0.8143085241317749,0.625
7,0.5994746685028076,0.71875
7,0.7394363880157471,0.4375
7,0.6992077827453613,0.59375
7,0.6791141033172607,0.59375
7,0.6678035259246826,0.5625
7,0.7548060417175293,0.5
7,0.5958338975906372,0.6875
7,0.7235369682312012,0.40625
7,0.7265734672546387,0.71875
7,0.5610947608947754,0.71875
7,0.7674660682678223,0.59375
7,0.7069835066795349,0.5625
7,0.6741445064544678,0.59375
7,0.6443897485733032,0.6875
7,0.7583255767822266,0.6875
7,0.7900136709213257,0.53125
7,0.8556637167930603,0.5
7,0.7330349683761597,0.53125
7,0.7280488014221191,0.5625
7,0.7614177465438843,0.5
7,0.9266821146011353,0.40625
7,0.9275199174880981,0.40625
7,0.5422824621200562,0.65625
7,0.6124047040939331,0.65625
7,0.643223226070404,0.625
7,0.8180053234100342,0.5625
7,0.6976897716522217,0.5625
7,0.8238949179649353,0.46875
7,0.6238579154014587,0.625
7,0.7923693656921387,0.53125
7,0.5547487139701843,0.71875
7,0.7046605944633484,0.4375
7,0.9333434104919434,0.40625
7,0.6651433110237122,0.59375
7,0.7609931230545044,0.375
7,0.5955873727798462,0.6875
7,0.5504840612411499,0.8125
7,0.7199503183364868,0.6875
7,0.8432174921035767,0.53125
7,0.6480835676193237,0.625
7,0.6520976424217224,0.65625
7,0.5487940311431885,0.6875
7,0.6416094303131104,0.71875
7,0.7073171734809875,0.5625
7,0.6385928392410278,0.5714285969734192
8,0.8264178037643433,0.53125
8,0.6755190491676331,0.71875
8,0.689716100692749,0.59375
8,0.732205867767334,0.5625
8,0.5400230884552002,0.84375
8,0.675178587436676,0.46875
8,0.607966423034668,0.625
8,0.6240741610527039,0.65625
8,0.5967468619346619,0.59375
8,0.5315580368041992,0.78125
8,0.8040759563446045,0.6875
8,0.7631460428237915,0.5
8,0.66075599193573,0.5
8,0.6519852876663208,0.625
8,0.5068717002868652,0.71875
8,0.5941455364227295,0.71875
8,0.7452211380004883,0.53125
8,0.6610997915267944,0.625
8,0.5902715921401978,0.65625
8,0.5576607584953308,0.75
8,0.6386306285858154,0.6875
8,0.700610339641571,0.4375
8,0.5295320749282837,0.75
8,0.6265711784362793,0.53125
8,0.7810781002044678,0.5625
8,0.6228948831558228,0.5
8,0.7490102052688599,0.59375
8,0.5736536979675293,0.71875
8,0.6791835427284241,0.59375
8,0.6554256677627563,0.71875
8,0.4955527186393738,0.71875
8,0.6774770021438599,0.65625
8,0.532830536365509,0.65625
8,0.6202386617660522,0.625
8,0.5292600393295288,0.75
8,0.6086422204971313,0.6875
8,0.8103229403495789,0.625
8,0.7406066656112671,0.5
8,0.6300791501998901,0.5625
8,0.830684244632721,0.59375
8,0.7216837406158447,0.59375
8,0.787977933883667,0.46875
8,0.581723690032959,0.625
8,0.5529563426971436,0.71875
8,0.561543345451355,0.625
8,0.5735335946083069,0.71875
8,0.5819636583328247,0.75
8,0.658491849899292,0.6875
8,0.7175531983375549,0.625
8,0.9277279376983643,0.5
8,0.6177677512168884,0.6875
8,0.6430864334106445,0.6875
8,0.6293096542358398,0.625
8,0.5784869194030762,0.6875
8,0.7053991556167603,0.5
8,0.8601441979408264,0.625
8,0.6020139455795288,0.78125
8,0.6435104608535767,0.6785714626312256
9,0.512187123298645,0.6875
9,0.5689463019371033,0.59375
9,0.561992883682251,0.75
9,0.6496614813804626,0.5625
9,0.5797232389450073,0.625
9,0.5137498378753662,0.78125
9,0.6243011951446533,0.65625
9,0.5122671127319336,0.78125
9,0.46311327815055847,0.8125
9,0.5032641887664795,0.75
9,0.6097514629364014,0.625
9,0.5104715824127197,0.75
9,0.47043508291244507,0.78125
9,0.4292212128639221,0.875
9,0.5692139863967896,0.6875
9,0.4989321231842041,0.78125
9,0.5733375549316406,0.6875
9,0.3708527684211731,0.90625
9,0.7294528484344482,0.5
9,0.3817559480667114,0.875
9,0.33609986305236816,0.875
9,0.7033002972602844,0.59375
9,0.5781589150428772,0.6875
9,0.375235378742218,0.875
9,0.4247097671031952,0.84375
9,0.6152045726776123,0.65625
9,0.45511114597320557,0.8125
9,0.46739065647125244,0.75
9,0.4285334646701813,0.84375
9,0.9967548847198486,0.5625
9,0.5274121165275574,0.75
9,0.5815067291259766,0.625
9,0.4420720040798187,0.71875
9,0.4657725691795349,0.71875
9,0.5623496174812317,0.71875
9,0.6205389499664307,0.5625
9,0.5013379454612732,0.6875
9,0.5859160423278809,0.75
9,0.7530005574226379,0.6875
9,0.745221734046936,0.53125
9,0.5502094626426697,0.75
9,0.4536252021789551,0.75
9,0.7838466763496399,0.4375
9,0.5892693400382996,0.59375
9,0.5578839778900146,0.65625
9,0.6666561365127563,0.5625
9,0.6397837996482849,0.65625
9,0.6485467553138733,0.59375
9,0.613162636756897,0.6875
9,0.5946393013000488,0.75
9,0.5247775912284851,0.78125
9,0.8374748826026917,0.4375
9,0.5752848386764526,0.5625
9,0.639207124710083,0.65625
9,0.524658739566803,0.6875
9,0.6863433122634888,0.53125
9,0.615106463432312,0.59375
9,0.6403888463973999,0.6785714626312256
10,0.44264400005340576,0.84375
10,0.5065901279449463,0.78125
10,0.4937114715576172,0.78125
10,0.5148267149925232,0.78125
10,0.5319826602935791,0.75
10,0.4371097683906555,0.8125
10,0.7378107905387878,0.53125
10,0.44998472929000854,0.75
10,0.46147459745407104,0.78125
10,0.6111636757850647,0.59375
10,0.5271314382553101,0.71875
10,0.34762969613075256,0.84375
10,0.36777663230895996,0.84375
10,0.645124077796936,0.65625
10,0.7207070589065552,0.59375
10,0.5814446210861206,0.625
10,0.6914587020874023,0.59375
10,0.6798887252807617,0.53125
10,0.3833273649215698,0.8125
10,0.46473169326782227,0.75
10,0.6685079336166382,0.71875
10,0.39387983083724976,0.875
10,0.6852449774742126,0.53125
10,0.5336458683013916,0.75
10,0.5741115808486938,0.59375
10,0.6675237417221069,0.46875
10,0.5210409164428711,0.625
10,0.4637702405452728,0.6875
10,0.46140262484550476,0.71875
10,0.46007823944091797,0.75
10,0.581760823726654,0.5625
10,0.5188754796981812,0.78125
10,0.4575771689414978,0.84375
10,0.6707772016525269,0.59375
10,0.632606029510498,0.5625
10,0.4416356682777405,0.75
10,0.5160613059997559,0.71875
10,0.4240354597568512,0.78125
10,0.6832071542739868,0.65625
10,0.4719424247741699,0.65625
10,0.45347774028778076,0.71875
10,0.5683451890945435,0.53125
10,0.4609490633010864,0.78125
10,0.3477197289466858,0.84375
10,0.49737417697906494,0.625
10,0.8615248203277588,0.5
10,0.989084780216217,0.4375
10,0.5405147075653076,0.75
10,0.6087079048156738,0.6875
10,0.6638599634170532,0.65625
10,0.40509748458862305,0.84375
10,0.4942281246185303,0.78125
10,0.5375413298606873,0.71875
10,0.3385140299797058,0.875
10,0.4830936789512634,0.78125
10,0.6142733097076416,0.6875
10,0.5809263586997986,0.6875
10,0.7436884641647339,0.6071428656578064
11,0.4828638434410095,0.6875
11,0.653942346572876,0.6875
11,0.41436052322387695,0.78125
11,0.4657304584980011,0.71875
11,0.5630510449409485,0.59375
11,0.417683869600296,0.75
11,0.43455076217651367,0.8125
11,0.4107690453529358,0.75
11,0.4117888808250427,0.75
11,0.45053333044052124,0.71875
11,0.4614969491958618,0.75
11,0.49020034074783325,0.75
11,0.712575376033783,0.59375
11,0.6661102771759033,0.65625
11,0.4932212829589844,0.71875
11,0.4352771043777466,0.78125
11,0.512660801410675,0.65625
11,0.33204886317253113,0.875
11,0.4860009551048279,0.6875
11,0.3993529677391052,0.6875
11,0.4304312467575073,0.78125
11,0.47934335470199585,0.84375
11,0.3375421166419983,0.84375
11,0.4651256799697876,0.65625
11,0.30880093574523926,0.78125
11,0.4285392463207245,0.875
11,0.6926424503326416,0.6875
11,0.41169464588165283,0.71875
11,0.34116652607917786,0.8125
11,0.36444905400276184,0.75
11,0.5735338926315308,0.78125
11,0.4698685109615326,0.75
11,0.3104458451271057,0.90625
11,0.41750508546829224,0.78125
11,0.9131103157997131,0.5625
11,0.5416813492774963,0.6875
11,0.6035152673721313,0.65625
11,0.4693097472190857,0.75
11,0.5439280271530151,0.78125
11,0.4925793409347534,0.75
11,0.45408210158348083,0.8125
11,0.5450284481048584,0.71875
11,0.8989254236221313,0.4375
11,0.306890606880188,0.875
11,0.38288557529449463,0.75
11,0.4425960183143616,0.8125
11,0.3662845492362976,0.8125
11,0.3106745183467865,0.875
11,0.38311541080474854,0.84375
11,0.7349550127983093,0.625
11,0.4981122612953186,0.71875
11,0.5580285787582397,0.75
11,0.41548866033554077,0.84375
11,0.6558568477630615,0.5625
11,0.7073206901550293,0.625
11,0.7069992423057556,0.65625
11,0.37545907497406006,0.875
11,0.4418014883995056,0.7142857313156128
12,0.5220232009887695,0.78125
12,0.333505779504776,0.875
12,0.42865467071533203,0.71875
12,1.0685899257659912,0.5625
12,0.5022109746932983,0.53125
12,0.29694464802742004,0.875
12,0.604465901851654,0.6875
12,0.26399141550064087,0.90625
12,0.3372379541397095,0.875
12,0.45664697885513306,0.78125
12,0.43064016103744507,0.75
12,0.5166445970535278,0.71875
12,0.4855320453643799,0.6875
12,0.47249680757522583,0.6875
12,0.41408711671829224,0.8125
12,0.4143140912055969,0.75
12,0.47734522819519043,0.65625
12,0.408967524766922,0.71875
12,0.5150951147079468,0.78125
12,0.5211063623428345,0.6875
12,0.5198392868041992,0.71875
12,0.21393078565597534,0.96875
12,0.33052435517311096,0.875
12,0.28878575563430786,0.90625
12,0.4473077654838562,0.75
12,0.3973829746246338,0.78125
12,0.7288262844085693,0.625
12,0.667310357093811,0.78125
12,0.34980177879333496,0.75
12,0.4694627523422241,0.8125
12,0.28966107964515686,0.8125
12,0.31917810440063477,0.78125
12,0.6047089695930481,0.625
12,0.6764850616455078,0.6875
12,0.43656182289123535,0.75
12,0.4442867338657379,0.71875
12,0.2245975136756897,0.9375
12,0.4331287443637848,0.6875
12,0.40569207072257996,0.71875
12,0.5907472372055054,0.65625
12,0.38505053520202637,0.6875
12,0.39190584421157837,0.8125
12,0.5598809719085693,0.6875
12,0.50382000207901,0.8125
12,0.34362107515335083,0.84375
12,0.7014473676681519,0.71875
12,0.30563291907310486,0.90625
12,0.49164289236068726,0.78125
12,0.6614280939102173,0.65625
12,0.440395712852478,0.78125
12,0.6002846956253052,0.6875
12,0.4402538239955902,0.71875
12,0.3688475489616394,0.78125
12,0.6123848557472229,0.71875
12,0.3370189666748047,0.8125
12,0.532480001449585,0.625
12,0.530791699886322,0.71875
12,0.5295857787132263,0.6785714626312256
13,0.42573094367980957,0.71875
13,0.389680951833725,0.78125
13,0.2954712510108948,0.8125
13,0.4312566816806793,0.71875
13,0.281391441822052,0.875
13,0.38197457790374756,0.78125
13,0.24252736568450928,0.875
13,0.2915692925453186,0.84375
13,0.6711081266403198,0.65625
13,0.3168339729309082,0.84375
13,0.42650678753852844,0.8125
13,0.454963356256485,0.6875
13,0.35351690649986267,0.8125
13,0.24912916123867035,0.96875
13,0.39710119366645813,0.75
13,0.6048457026481628,0.71875
13,0.3441122770309448,0.8125
13,0.25922438502311707,0.875
13,0.47261297702789307,0.75
13,0.4622211456298828,0.6875
13,0.42306238412857056,0.65625
13,0.3757891058921814,0.84375
13,0.5019311904907227,0.625
13,0.48138707876205444,0.6875
13,0.31741487979888916,0.8125
13,0.24961522221565247,0.96875
13,0.30508536100387573,0.84375
13,0.4688020348548889,0.71875
13,0.3886581063270569,0.8125
13,0.25513967871665955,0.875
13,0.3417694568634033,0.75
13,0.406591534614563,0.8125
13,0.33837413787841797,0.8125
13,0.3618360757827759,0.84375
13,0.37929806113243103,0.78125
13,0.5323255062103271,0.75
13,0.4979799687862396,0.75
13,0.25613144040107727,0.875
13,0.35495686531066895,0.84375
13,0.414349228143692,0.75
13,0.3629453182220459,0.8125
13,0.42692142724990845,0.8125
13,0.22406530380249023,0.90625
13,0.49648070335388184,0.6875
13,0.312251478433609,0.875
13,0.31765639781951904,0.8125
13,0.48050060868263245,0.8125
13,0.38795825839042664,0.78125
13,0.5934487581253052,0.6875
13,0.3720192611217499,0.78125
13,0.48714250326156616,0.6875
13,0.2545712888240814,0.84375
13,0.35033291578292847,0.8125
13,0.32114267349243164,0.78125
13,0.32428181171417236,0.8125
13,0.295814573764801,0.75
13,0.3361126184463501,0.90625
13,0.5336297750473022,0.6785714626312256
14,0.3592280447483063,0.78125
14,0.45808035135269165,0.78125
14,0.22257158160209656,0.875
14,0.3120802342891693,0.90625
14,0.37081634998321533,0.78125
14,0.2560868263244629,0.875
14,0.3435835838317871,0.78125
14,0.4304198622703552,0.6875
14,0.3195769190788269,0.875
14,0.2882511615753174,0.84375
14,0.4562966823577881,0.75
14,0.45502498745918274,0.71875
14,0.35168737173080444,0.84375
14,0.19697020947933197,0.875
14,0.5612056851387024,0.78125
14,0.39497268199920654,0.78125
14,0.3581430912017822,0.8125
14,0.46169447898864746,0.6875
14,0.29710012674331665,0.875
14,0.3077845573425293,0.78125
14,0.39879488945007324,0.875
14,0.2267179787158966,0.84375
14,0.6196810007095337,0.625
14,0.2945247292518616,0.875
14,0.3669683337211609,0.75
14,0.3074425160884857,0.84375
14,0.3690692186355591,0.75
14,0.3030298352241516,0.8125
14,0.34355172514915466,0.78125
14,0.2925255596637726,0.84375
14,0.24778097867965698,0.90625
14,0.47664874792099,0.78125
14,0.35911768674850464,0.84375
14,0.5466222763061523,0.71875
14,0.3868725299835205,0.71875
14,0.2534111738204956,0.90625
14,0.3307954967021942,0.75
14,0.3210582733154297,0.6875
14,0.34049174189567566,0.78125
14,0.25540703535079956,0.875
14,0.28129395842552185,0.875
14,0.3620826005935669,0.84375
14,0.3932514190673828,0.78125
14,0.3302553594112396,0.875
14,0.13284832239151,0.96875
14,0.32740169763565063,0.84375
14,0.38160842657089233,0.78125
14,0.29894906282424927,0.84375
14,0.5737622976303101,0.65625
14,0.3811433017253876,0.78125
14,0.2682368755340576,0.875
14,0.2768417000770569,0.9375
14,0.33764368295669556,0.8125
14,0.309100866317749,0.875
14,0.49655595421791077,0.75
14,0.2706372141838074,0.84375
14,0.4323008060455322,0.75
14,0.24999845027923584,0.8928571939468384
15,0.25929343700408936,0.9375
15,0.2943958044052124,0.9375
15,0.2785083055496216,0.84375
15,0.15726104378700256,0.90625
15,0.37437379360198975,0.875
15,0.40917274355888367,0.78125
15,0.22949901223182678,0.875
15,0.4537592828273773,0.78125
15,0.32647526264190674,0.71875
15,0.1993686854839325,0.90625
15,0.4525640606880188,0.75
15,0.29916876554489136,0.8125
15,0.4933314621448517,0.75
15,0.5015867352485657,0.71875
15,0.2674673795700073,0.84375
15,0.19942030310630798,0.875
15,0.2046358287334442,0.90625
15,0.2703853249549866,0.90625
15,0.26234331727027893,0.78125
15,0.3207666277885437,0.8125
15,0.35839205980300903,0.78125
15,0.23309479653835297,0.875
15,0.32147854566574097,0.90625
15,0.24622321128845215,0.84375
15,0.27689090371131897,0.875
15,0.41695353388786316,0.75
15,0.7668535709381104,0.78125
15,0.3598123788833618,0.8125
15,0.3815266489982605,0.84375
15,0.31087949872016907,0.84375
15,0.2538331151008606,0.84375
15,0.3235565423965454,0.78125
15,0.27132701873779297,0.875
15,0.3740472197532654,0.78125
15,0.509999692440033,0.71875
15,0.2570328116416931,0.84375
15,0.3279508352279663,0.75
15,0.31264442205429077,0.84375
15,0.3108327388763428,0.8125
15,0.25213107466697693,0.875
15,0.29217198491096497,0.875
15,0.5033342838287354,0.78125
15,0.37364622950553894,0.75
15,0.24424561858177185,0.78125
15,0.4395652413368225,0.75
15,0.25220394134521484,0.875
15,0.3817979693412781,0.75
15,0.2504272758960724,0.875
15,0.24706749618053436,0.90625
15,0.31975018978118896,0.75
15,0.42657339572906494,0.8125
15,0.2662322521209717,0.8125
15,0.25195613503456116,0.84375
15,0.4115336835384369,0.875
15,0.4083043932914734,0.8125
15,0.16715925931930542,0.90625
15,0.2505187690258026,0.84375
15,0.35452592372894287,0.8214285969734192
16,0.5636329054832458,0.71875
16,0.2820643484592438,0.90625
16,0.2391071319580078,0.875
16,0.18254393339157104,0.9375
16,0.24800872802734375,0.84375
16,0.16306358575820923,0.96875
16,0.21175190806388855,0.875
16,0.46589043736457825,0.875
16,0.26465559005737305,0.84375
16,0.3272573947906494,0.8125
16,0.18974506855010986,0.90625
16,0.42563948035240173,0.75
16,0.4666643440723419,0.71875
16,0.29506346583366394,0.8125
16,0.292468786239624,0.84375
16,0.30470120906829834,0.75
16,0.29214560985565186,0.78125
16,0.46278926730155945,0.84375
16,0.3195258378982544,0.84375
16,0.3584515452384949,0.78125
16,0.2354585826396942,0.875
16,0.2524740695953369,0.84375
16,0.38583558797836304,0.6875
16,0.30095160007476807,0.78125
16,0.2565382719039917,0.875
16,0.23622673749923706,0.9375
16,0.268646240234375,0.84375
16,0.2729552984237671,0.84375
16,0.4131125807762146,0.75
16,0.46960023045539856,0.78125
16,0.5198933482170105,0.59375
16,0.1488596796989441,1.0
16,0.6192994117736816,0.65625
16,0.29570502042770386,0.875
16,0.2836095690727234,0.875
16,0.32984429597854614,0.75
16,0.35110265016555786,0.8125
16,0.21832700073719025,0.875
16,0.36716264486312866,0.84375
16,0.2881707549095154,0.78125
16,0.2515444755554199,0.78125
16,0.16220831871032715,0.96875
16,0.22413590550422668,0.875
16,0.3276180624961853,0.875
16,0.18371430039405823,0.875
16,0.46033889055252075,0.71875
16,0.20985305309295654,0.875
16,0.23853260278701782,0.875
16,0.2288350760936737,0.875
16,0.45292383432388306,0.65625
16,0.2727848291397095,0.75
16,0.2195025384426117,0.84375
16,0.24177052080631256,0.875
16,0.1859467476606369,0.9375
16,0.32440149784088135,0.78125
16,0.44205528497695923,0.65625
16,0.3867509067058563,0.84375
16,0.2203470915555954,0.785714328289032
17,0.2557793855667114,0.8125
17,0.3006965219974518,0.75
17,0.2242562621831894,0.90625
17,0.33832988142967224,0.78125
17,0.2302277684211731,0.875
17,0.1973925232887268,0.90625
17,0.2534257769584656,0.875
17,0.4488612413406372,0.71875
17,0.2604231834411621,0.8125
17,0.1815386414527893,0.875
17,0.21828046441078186,0.8125
17,0.18969355523586273,0.96875
17,0.45868980884552,0.84375
17,0.2503468990325928,0.90625
17,0.241606205701828,0.84375
17,0.4062657952308655,0.78125
17,0.21291935443878174,0.875
17,0.20797428488731384,0.90625
17,0.4181387424468994,0.71875
17,0.48141688108444214,0.75
17,0.2660846710205078,0.875
17,0.2806061804294586,0.84375
17,0.2506010830402374,0.90625
17,0.2601109743118286,0.875
17,0.31076323986053467,0.84375
17,0.26411545276641846,0.84375
17,0.3678886890411377,0.78125
17,0.22596149146556854,0.875
17,0.44441211223602295,0.75
17,0.2761801481246948,0.875
17,0.35443955659866333,0.84375
17,0.35316529870033264,0.71875
17,0.5159735679626465,0.625
17,0.29826709628105164,0.75
17,0.5592306852340698,0.6875
17,0.3377518057823181,0.75
17,0.3823421001434326,0.75
17,0.22753356397151947,0.90625
17,0.339619517326355,0.78125
17,0.2205851674079895,0.90625
17,0.31061673164367676,0.84375
17,0.40491172671318054,0.8125
17,0.6874072551727295,0.78125
17,0.41326141357421875,0.75
17,0.21722078323364258,0.875
17,0.26453477144241333,0.875
17,0.31599345803260803,0.78125
17,0.26040133833885193,0.8125
17,0.2535029649734497,0.84375
17,0.21951815485954285,0.90625
17,0.2752732038497925,0.84375
17,0.7045437693595886,0.75
17,0.3084220588207245,0.78125
17,0.2996858060359955,0.84375
17,0.31094396114349365,0.78125
17,0.2909146547317505,0.84375
17,0.3270101249217987,0.75
17,0.4037742018699646,0.785714328289032
18,0.2457815408706665,0.875
18,0.18085123598575592,0.90625
18,0.2848072648048401,0.84375
18,0.166385680437088,0.9375
18,0.33403506875038147,0.875
18,0.1859341412782669,0.9375
18,0.23722323775291443,0.875
18,0.278192937374115,0.84375
18,0.2847965359687805,0.84375
18,0.3200834393501282,0.78125
18,0.2097039669752121,0.9375
18,0.6316733360290527,0.6875
18,0.22475987672805786,0.90625
18,0.2083939164876938,0.84375
18,0.23013323545455933,0.84375
18,0.4571765065193176,0.71875
18,0.2651088237762451,0.8125
18,0.20908699929714203,0.9375
18,0.18797993659973145,0.875
18,0.2155299335718155,0.84375
18,0.2286759316921234,0.875
18,0.19643867015838623,0.84375
18,0.20523488521575928,0.875
18,0.2979801893234253,0.84375
18,0.23300689458847046,0.90625
18,0.20360998809337616,0.8125
18,0.3502298593521118,0.78125
18,0.17073556780815125,0.84375
18,0.2248798906803131,0.875
18,0.22330790758132935,0.84375
18,0.2497326284646988,0.875
18,0.4299117922782898,0.875
18,0.6291396021842957,0.6875
18,0.1487257480621338,0.9375
18,0.3445090651512146,0.8125
18,0.2848260998725891,0.78125
18,0.3739004135131836,0.8125
18,0.3978317975997925,0.84375
18,0.2555098831653595,0.875
18,0.3789416551589966,0.75
18,0.17069560289382935,0.90625
18,0.34994155168533325,0.75
18,0.45781219005584717,0.75
18,0.1940704584121704,0.875
18,0.3335582911968231,0.75
18,0.2425116002559662,0.78125
18,0.17784535884857178,0.875
18,0.3360850214958191,0.8125
18,0.2599793076515198,0.90625
18,0.3970017433166504,0.84375
18,0.3534725308418274,0.8125
18,0.2081976681947708,0.90625
18,0.2091154158115387,0.875
18,0.19513019919395447,0.90625
18,0.35981661081314087,0.8125
18,0.1989784687757492,0.875
18,0.31518635153770447,0.78125
18,0.3307639956474304,0.785714328289032
19,0.2228340208530426,0.84375
19,0.22485174238681793,0.84375
19,0.2722663879394531,0.71875
19,0.22966864705085754,0.84375
19,0.31094294786453247,0.8125
19,0.2873968482017517,0.75
19,0.29586872458457947,0.78125
19,0.2188432216644287,0.90625
19,0.2730291485786438,0.90625
19,0.21377283334732056,0.875
19,0.18877914547920227,0.9375
19,0.253304660320282,0.78125
19,0.4224839508533478,0.78125
19,0.29147183895111084,0.78125
19,0.2355155348777771,0.8125
19,0.13659900426864624,0.9375
19,0.23277561366558075,0.84375
19,0.17611390352249146,0.96875
19,0.28095799684524536,0.84375
19,0.3559299111366272,0.78125
19,0.18254363536834717,0.9375
19,0.20727720856666565,0.90625
19,0.16573986411094666,0.9375
19,0.23605798184871674,0.84375
19,0.3714370131492615,0.75
19,0.2679796814918518,0.90625
19,0.15371382236480713,0.90625
19,0.23226086795330048,0.875
19,0.25674039125442505,0.84375
19,0.28927648067474365,0.875
19,0.1471378207206726,0.875
19,0.3153892159461975,0.875
19,0.2288346290588379,0.84375
19,0.24062468111515045,0.8125
19,0.2869453430175781,0.8125
19,0.17566721141338348,0.8125
19,0.2546902596950531,0.875
19,0.13659121096134186,0.96875
19,0.3104090690612793,0.8125
19,0.14378732442855835,0.90625
19,0.23283100128173828,0.875
19,0.28782233595848083,0.8125
19,0.24513332545757294,0.90625
19,0.20299340784549713,0.875
19,0.320284903049469,0.8125
19,0.4780280590057373,0.65625
19,0.17522993683815002,0.875
19,0.28761476278305054,0.78125
19,0.27155840396881104,0.84375
19,0.5561624765396118,0.78125
19,0.2261720597743988,0.84375
19,0.22719469666481018,0.84375
19,0.27620643377304077,0.875
19,0.13745111227035522,0.875
19,0.2587988078594208,0.875
19,0.40076273679733276,0.8125
19,0.23158973455429077,0.9375
19,0.18665675818920135,0.9285714626312256
20,0.6192076206207275,0.90625
20,0.24295273423194885,0.8125
20,0.1532420814037323,0.875
20,0.31282520294189453,0.75
20,0.28520023822784424,0.8125
20,0.22520512342453003,0.84375
20,0.19246236979961395,0.875
20,0.21209202706813812,0.90625
20,0.19546009600162506,0.875
20,0.18952766060829163,0.90625
20,0.4048963189125061,0.78125
20,0.449989914894104,0.8125
20,0.15264466404914856,0.9375
20,0.19707050919532776,0.875
20,0.0929991602897644,1.0
20,0.2641264796257019,0.875
20,0.1878616362810135,0.90625
20,0.2078704535961151,0.90625
20,0.31997475028038025,0.75
20,0.2315184772014618,0.875
20,0.13030028343200684,0.9375
20,0.2529445290565491,0.84375
20,0.20899060368537903,0.90625
20,0.3237174153327942,0.875
20,0.3560519814491272,0.78125
20,0.2543102502822876,0.84375
20,0.2857397198677063,0.875
20,0.18842458724975586,0.96875
20,0.2233075201511383,0.9375
20,0.15841907262802124,0.875
20,0.1826116293668747,0.9375
20,0.36178380250930786,0.84375
20,0.3047427237033844,0.84375
20,0.24733473360538483,0.90625
20,0.24744370579719543,0.9375
20,0.344987690448761,0.84375
20,0.1364099085330963,0.9375
20,0.23254936933517456,0.90625
20,0.23240458965301514,0.875
20,0.5078513026237488,0.71875
20,0.15089274942874908,0.9375
20,0.295695960521698,0.875
20,0.34257829189300537,0.8125
20,0.22334861755371094,0.9375
20,0.5256305932998657,0.8125
20,0.3474723696708679,0.78125
20,0.3325243592262268,0.75
20,0.2565181255340576,0.84375
20,0.12322144210338593,0.96875
20,0.182804137468338,0.90625
20,0.20866887271404266,0.90625
20,0.1953805387020111,0.90625
20,0.27969124913215637,0.75
20,0.20866850018501282,0.90625
20,0.3358956575393677,0.8125
20,0.23279619216918945,0.90625
20,0.2170153111219406,0.90625
20,0.24129898846149445,0.8571429252624512
21,0.17315277457237244,0.96875
21,0.16434386372566223,0.90625
21,0.2762538194656372,0.8125
21,0.23144739866256714,0.84375
21,0.1631278097629547,0.90625
21,0.16778169572353363,0.9375
21,0.21377810835838318,0.96875
21,0.23469708859920502,0.90625
21,0.1783253252506256,0.9375
21,0.20649462938308716,0.875
21,0.5957381725311279,0.71875
21,0.18567787110805511,0.90625
21,0.26766476035118103,0.875
21,0.18768835067749023,0.96875
21,0.14871183037757874,0.9375
21,0.08852110058069229,1.0
21,0.183064267039299,0.875
21,0.13849255442619324,1.0
21,0.2198522984981537,0.875
21,0.17009389400482178,0.90625
21,0.17644253373146057,0.9375
21,0.2082054316997528,0.875
21,0.15880060195922852,0.9375
21,0.20662981271743774,0.9375
21,0.2404455840587616,0.90625
21,0.4599975049495697,0.8125
21,0.4900699853897095,0.78125
21,0.3830646276473999,0.8125
21,0.119784414768219,0.96875
21,0.18062256276607513,0.9375
21,0.1841447949409485,0.875
21,0.15026947855949402,0.9375
21,0.11496890336275101,0.90625
21,0.11197179555892944,1.0
21,0.20711320638656616,0.90625
21,0.44976821541786194,0.75
21,0.37893587350845337,0.90625
21,0.4185798764228821,0.78125
21,0.1996987909078598,0.90625
21,0.33753207325935364,0.875
21,0.2755351960659027,0.78125
21,0.18833333253860474,0.90625
21,0.1715114414691925,0.9375
21,0.19539698958396912,0.90625
21,0.15937277674674988,0.9375
21,0.30149173736572266,0.84375
21,0.17750713229179382,0.9375
21,0.5198350548744202,0.8125
21,0.16024723649024963,0.90625
21,0.12854820489883423,0.90625
21,0.14545992016792297,0.9375
21,0.24875612556934357,0.84375
21,0.20605921745300293,0.90625
21,0.17305931448936462,0.9375
21,0.16169703006744385,0.90625
21,0.19847054779529572,0.875
21,0.42030584812164307,0.84375
21,0.31051990389823914,0.8571429252624512
22,0.22611182928085327,0.90625
22,0.3497215211391449,0.84375
22,0.2025924026966095,0.90625
22,0.25819432735443115,0.84375
22,0.12886710464954376,1.0
22,0.1407027244567871,0.90625
22,0.13945883512496948,0.96875
22,0.10002131760120392,0.96875
22,0.37315019965171814,0.875
22,0.19150380790233612,0.875
22,0.18493574857711792,0.9375
22,0.17430761456489563,0.90625
22,0.14125797152519226,0.90625
22,0.17919045686721802,0.9375
22,0.26404863595962524,0.78125
22,0.15613335371017456,0.9375
22,0.12038438022136688,0.9375
22,0.13959883153438568,0.9375
22,0.10951533913612366,0.9375
22,0.3539760708808899,0.84375
22,0.17341382801532745,0.9375
22,0.07878121733665466,0.96875
22,0.1145794615149498,0.9375
22,0.10557206720113754,0.9375
22,0.09923777729272842,0.96875
22,0.11757981032133102,1.0
22,0.10433731973171234,0.96875
22,0.10039414465427399,0.96875
22,0.1977750062942505,0.875
22,0.1640453338623047,0.9375
22,0.1019154042005539,0.96875
22,0.2973921000957489,0.8125
22,0.23225095868110657,0.8125
22,0.11802363395690918,0.9375
22,0.2016495168209076,0.84375
22,0.3601718544960022,0.875
22,0.1297135055065155,0.96875
22,0.17610305547714233,0.90625
22,0.17312902212142944,0.875
22,0.11746536940336227,0.9375
22,0.24898859858512878,0.875
22,0.1417160928249359,0.90625
22,0.1835043728351593,0.9375
22,0.09632149338722229,0.9375
22,0.18099147081375122,0.9375
22,0.20546360313892365,0.875
22,0.2049199342727661,0.90625
22,0.18682806193828583,0.90625
22,0.11172200739383698,0.9375
22,0.1925034523010254,0.875
22,0.11912139505147934,0.9375
22,0.16626757383346558,0.90625
22,0.18552345037460327,0.9375
22,0.2560778856277466,0.8125
22,0.1193399578332901,0.96875
22,0.14111045002937317,0.90625
22,0.07905228435993195,0.96875
22,0.2604679465293884,0.8214285969734192
23,0.16655224561691284,0.9375
23,0.09930070489645004,0.9375
23,0.16811597347259521,0.90625
23,0.14704415202140808,0.96875
23,0.08966979384422302,0.96875
23,0.0588606558740139,0.96875
23,0.1094295084476471,0.96875
23,0.04735639691352844,0.96875
23,0.4442494511604309,0.875
23,0.10926230996847153,0.90625
23,0.10643844306468964,0.9375
23,0.06791827827692032,1.0
23,0.16281551122665405,0.9375
23,0.07126601040363312,0.9375
23,0.12308068573474884,0.9375
23,0.13420575857162476,0.90625
23,0.2901093661785126,0.9375
23,0.11896762996912003,0.96875
23,0.055262308567762375,0.9375
23,0.10457189381122589,0.9375
23,0.08743038028478622,0.96875
23,0.1901538372039795,0.9375
23,0.15003632009029388,0.9375
23,0.14505556225776672,0.90625
23,0.12930706143379211,0.9375
23,0.08605396747589111,0.9375
23,0.032798949629068375,1.0
23,0.09906692802906036,0.96875
23,0.12305492162704468,0.9375
23,0.13919579982757568,0.96875
23,0.09688927233219147,0.9375
23,0.2643267512321472,0.875
23,0.068648561835289,0.96875
23,0.03116767108440399,1.0
23,0.10175494849681854,0.9375
23,0.18430301547050476,0.875
23,0.25729382038116455,0.875
23,0.14772726595401764,0.9375
23,0.49200087785720825,0.8125
23,0.21576069295406342,0.90625
23,0.11106094717979431,0.90625
23,0.09029856324195862,0.96875
23,0.2462075650691986,0.875
23,0.30750763416290283,0.84375
23,0.20280176401138306,0.90625
23,0.1294732540845871,0.9375
23,0.3195692300796509,0.8125
23,0.1650197058916092,0.90625
23,0.2068016231060028,0.90625
23,0.18781287968158722,0.875
23,0.15231287479400635,0.90625
23,0.3108699917793274,0.84375
23,0.3632417321205139,0.75
23,0.1398639678955078,0.875
23,0.1403540074825287,0.96875
23,0.16973567008972168,0.96875
23,0.1850515455007553,0.90625
23,0.1379820853471756,0.9285714626312256
24,0.3078649938106537,0.8125
24,0.051151566207408905,1.0
24,0.08528343588113785,1.0
24,0.15181954205036163,0.9375
24,0.06644425541162491,1.0
24,0.09891824424266815,0.9375
24,0.12305860221385956,0.9375
24,0.15952786803245544,0.9375
24,0.15765002369880676,0.9375
24,0.3468201756477356,0.84375
24,0.19902318716049194,0.90625
24,0.08987797796726227,1.0
24,0.1451139748096466,0.90625
24,0.13287250697612762,0.90625
24,0.056806012988090515,0.96875
24,0.10074702650308609,0.9375
24,0.06176762282848358,1.0
24,0.25959086418151855,0.84375
24,0.07221846282482147,0.96875
24,0.08387920260429382,0.96875
24,0.08828569203615189,0.96875
24,0.2140352576971054,0.90625
24,0.06410777568817139,0.96875
24,0.16802936792373657,0.9375
24,0.04488614201545715,1.0
24,0.20016631484031677,0.84375
24,0.4851781129837036,0.78125
24,0.3739844560623169,0.8125
24,0.32315289974212646,0.9375
24,0.17750263214111328,0.90625
24,0.19225159287452698,0.90625
24,0.21838054060935974,0.90625
24,0.16812708973884583,0.9375
24,0.18663769960403442,0.9375
24,0.1601223349571228,0.9375
24,0.20623736083507538,0.875
24,0.09576772153377533,0.9375
24,0.4445609748363495,0.75
24,0.26595476269721985,0.90625
24,0.1569093018770218,0.875
24,0.14478063583374023,1.0
24,0.2832307815551758,0.8125
24,0.1432042419910431,0.90625
24,0.47366106510162354,0.78125
24,0.0778743252158165,1.0
24,0.18020328879356384,0.90625
24,0.7503615617752075,0.78125
24,0.12414899468421936,0.9375
24,0.22438031435012817,0.875
24,0.19267140328884125,0.90625
24,0.2067515105009079,0.8125
24,0.08802452683448792,0.9375
24,0.13214920461177826,1.0
24,0.45990222692489624,0.8125
24,0.10948150604963303,0.96875
24,0.17959392070770264,0.875
24,0.2116365134716034,0.90625
24,0.11256910115480423,0.9285714626312256
25,0.18601858615875244,0.875
25,0.11835197359323502,0.96875
25,0.12898139655590057,0.96875
25,0.10618869960308075,0.96875
25,0.23013225197792053,0.875
25,0.23042674362659454,0.90625
25,0.10264333337545395,1.0
25,0.141437828540802,0.90625
25,0.15186826884746552,0.90625
25,0.11995009332895279,0.9375
25,0.14554664492607117,0.9375
25,0.09345827996730804,0.96875
25,0.2448095828294754,0.875
25,0.6042613387107849,0.84375
25,0.18303526937961578,0.9375
25,0.19001887738704681,0.90625
25,0.16718514263629913,0.90625
25,0.2584960460662842,0.875
25,0.15194198489189148,0.9375
25,0.1002720445394516,1.0
25,0.10147619992494583,1.0
25,0.10346546769142151,0.9375
25,0.2169695794582367,0.90625
25,0.323097825050354,0.875
25,0.18768081068992615,0.875
25,0.12410067766904831,0.9375
25,0.13176444172859192,1.0
25,0.2563574016094208,0.84375
25,0.2722609043121338,0.9375
25,0.09097621589899063,0.96875
25,0.18140646815299988,0.90625
25,0.21657845377922058,0.84375
25,0.20329740643501282,0.90625
25,0.07227130234241486,0.96875
25,0.1276521384716034,1.0
25,0.1344524472951889,0.9375
25,0.17455242574214935,0.9375
25,0.14928817749023438,0.9375
25,0.4103548228740692,0.84375
25,0.23172242939472198,0.90625
25,0.16495665907859802,0.9375
25,0.33589446544647217,0.84375
25,0.1426525115966797,0.9375
25,0.07276216149330139,0.96875
25,0.09488961845636368,0.9375
25,0.2196068912744522,0.90625
25,0.30898189544677734,0.84375
25,0.1535799205303192,0.9375
25,0.09127955138683319,0.96875
25,0.08583422750234604,0.96875
25,0.13184939324855804,0.96875
25,0.19443370401859283,0.875
25,0.13900341093540192,0.96875
25,0.10878663510084152,0.96875
25,0.35353603959083557,0.8125
25,0.3271910846233368,0.875
25,0.16441084444522858,0.9375
25,0.4503558278083801,0.8571429252624512
26,0.12160061299800873,0.9375
26,0.09197526425123215,0.96875
26,0.2496076375246048,0.875
26,0.11047190427780151,0.90625
26,0.12264061719179153,0.9375
26,0.12245319783687592,0.96875
26,0.10566508024930954,0.9375
26,0.03156052902340889,1.0
26,0.38722753524780273,0.875
26,0.18984252214431763,0.90625
26,0.10573206841945648,0.9375
26,0.19644604623317719,0.90625
26,0.12153506278991699,0.9375
26,0.0840766504406929,0.96875
26,0.183174729347229,0.9375
26,0.1413014680147171,0.90625
26,0.09330737590789795,0.9375
26,0.09501085430383682,0.9375
26,0.39239680767059326,0.71875
26,0.1928366720676422,0.9375
26,0.16293829679489136,0.9375
26,0.05997433885931969,0.96875
26,0.03699393942952156,1.0
26,0.09657120704650879,0.96875
26,0.550195038318634,0.84375
26,0.15560504794120789,0.90625
26,0.1820346713066101,0.875
26,0.1358291208744049,0.9375
26,0.11811470240354538,0.9375
26,0.15140055119991302,0.9375
26,0.12037663161754608,0.96875
26,0.12581880390644073,0.9375
26,0.23324540257453918,0.875
26,0.1861039251089096,0.875
26,0.1644321233034134,0.9375
26,0.1007782518863678,1.0
26,0.222080796957016,0.90625
26,0.15026891231536865,0.96875
26,0.08618541806936264,1.0
26,0.15627747774124146,0.9375
26,0.23068034648895264,0.875
26,0.06746545433998108,0.96875
26,0.19612126052379608,0.90625
26,0.1558150202035904,0.9375
26,0.06516797840595245,0.96875
26,0.19070783257484436,0.84375
26,0.2987931966781616,0.8125
26,0.07663148641586304,1.0
26,0.0954979807138443,0.96875
26,0.07784858345985413,1.0
26,0.08278419077396393,1.0
26,0.14976122975349426,0.9375
26,0.08342745155096054,1.0
26,0.04635225236415863,0.96875
26,0.11701328307390213,0.9375
26,0.12467718869447708,0.9375
26,0.1594824194908142,0.9375
26,0.26938700675964355,0.9642857313156128
27,0.10414852946996689,0.9375
27,0.025003906339406967,1.0
27,0.16886378824710846,0.90625
27,0.11519674956798553,0.9375
27,0.17868784070014954,0.90625
27,0.11193103343248367,0.96875
27,0.07287116348743439,0.9375
27,0.21717478334903717,0.90625
27,0.04544699937105179,1.0
27,0.047343458980321884,0.96875
27,0.03297841548919678,1.0
27,0.23231512308120728,0.9375
27,0.08774782717227936,0.96875
27,0.46231916546821594,0.8125
27,0.09628298878669739,0.9375
27,0.07117258757352829,0.96875
27,0.034381598234176636,0.96875
27,0.04244861379265785,1.0
27,0.21931782364845276,0.90625
27,0.05911680683493614,0.96875
27,0.07454458624124527,0.96875
27,0.1751314103603363,0.96875
27,0.21188446879386902,0.90625
27,0.03734394535422325,1.0
27,0.15848445892333984,0.9375
27,0.11952362954616547,0.9375
27,0.2184571921825409,0.90625
27,0.11878407001495361,0.96875
27,0.17480000853538513,0.875
27,0.15328340232372284,0.96875
27,0.15309706330299377,0.90625
27,0.14852558076381683,0.9375
27,0.3854304850101471,0.84375
27,0.5528573393821716,0.84375
27,0.09757087379693985,0.90625
27,0.3179774582386017,0.84375
27,0.1261056363582611,0.9375
27,0.1733195185661316,0.875
27,0.1398836076259613,0.9375
27,0.2903868854045868,0.90625
27,0.48469704389572144,0.84375
27,0.09020351618528366,0.96875
27,0.37239301204681396,0.875
27,0.09505043923854828,0.96875
27,0.2393953800201416,0.84375
27,0.18921272456645966,0.96875
27,0.19999650120735168,0.90625
27,0.09609342366456985,0.9375
27,0.10802312195301056,0.9375
27,0.14477887749671936,0.90625
27,0.23154231905937195,0.90625
27,0.2996183931827545,0.90625
27,0.1760331094264984,0.84375
27,0.2410813570022583,0.875
27,0.07604667544364929,0.96875
27,0.0808553397655487,1.0
27,0.15388289093971252,0.96875
27,0.2240574061870575,0.9285714626312256
28,0.21263112127780914,0.9375
28,0.08526412397623062,0.9375
28,0.14073701202869415,0.9375
28,0.16185545921325684,0.96875
28,0.21326056122779846,0.9375
28,0.24723821878433228,0.9375
28,0.06349804997444153,1.0
28,0.1787053644657135,0.90625
28,0.2526072859764099,0.90625
28,0.1666569709777832,0.9375
28,0.058575503528118134,1.0
28,0.11005666851997375,0.96875
28,0.22133751213550568,0.96875
28,0.029492974281311035,1.0
28,0.0929209291934967,0.96875
28,0.192215695977211,0.9375
28,0.02888372540473938,1.0
28,0.16612941026687622,0.96875
28,0.02607523836195469,1.0
28,0.094100221991539,0.96875
28,0.21762831509113312,0.90625
28,0.20765694975852966,0.90625
28,0.0351383239030838,1.0
28,0.06123220548033714,0.96875
28,0.06453843414783478,1.0
28,0.06974300742149353,0.96875
28,0.05707944184541702,1.0
28,0.07665661722421646,0.96875
28,0.11076964437961578,0.9375
28,0.02848983183503151,1.0
28,0.04355987161397934,1.0
28,0.05720268562436104,0.96875
28,0.05565671622753143,1.0
28,0.029435239732265472,1.0
28,0.039904579520225525,0.96875
28,0.11498254537582397,0.96875
28,0.2447909712791443,0.90625
28,0.07224567234516144,0.96875
28,0.024291593581438065,1.0
28,0.03930557519197464,1.0
28,0.08280934393405914,0.96875
28,0.06527417153120041,1.0
28,0.09379292279481888,0.96875
28,0.16880111396312714,0.90625
28,0.29662594199180603,0.875
28,0.6155835390090942,0.78125
28,0.19726721942424774,0.90625
28,0.032728370279073715,1.0
28,0.06553664058446884,1.0
28,0.0331433042883873,1.0
28,0.12843920290470123,0.9375
28,0.21210229396820068,0.9375
28,0.026342812925577164,1.0
28,0.2932819724082947,0.90625
28,0.09594519436359406,0.96875
28,0.2685469090938568,0.90625
28,0.06080953776836395,0.96875
28,0.13233064115047455,0.9285714626312256
29,0.05981021001935005,1.0
29,0.03318346291780472,1.0
29,0.16284964978694916,0.90625
29,0.2445298433303833,0.90625
29,0.08677319437265396,0.96875
29,0.11874143779277802,0.90625
29,0.1483512669801712,0.96875
29,0.0596582293510437,0.96875
29,0.03475876897573471,1.0
29,0.08921778202056885,0.96875
29,0.11524870991706848,0.9375
29,0.07162579894065857,0.96875
29,0.09341201931238174,0.9375
29,0.22791323065757751,0.90625
29,0.039940230548381805,0.96875
29,0.1439889818429947,0.96875
29,0.003843394573777914,1.0
29,0.49262866377830505,0.84375
29,0.18862609565258026,0.96875
29,0.13987603783607483,0.90625
29,0.06915057450532913,0.96875
29,0.032636214047670364,1.0
29,0.027736127376556396,1.0
29,0.14309120178222656,0.9375
29,0.20162706077098846,0.9375
29,0.18760281801223755,0.9375
29,0.21161675453186035,0.9375
29,0.17430052161216736,0.90625
29,0.17250503599643707,0.90625
29,0.15217337012290955,0.9375
29,0.08615653961896896,0.96875
29,0.04668758809566498,1.0
29,0.05151835083961487,1.0
29,0.1258286088705063,0.90625
29,0.11994051188230515,0.9375
29,0.05023588985204697,1.0
29,0.15171855688095093,0.9375
29,0.055587731301784515,1.0
29,0.022990338504314423,1.0
29,0.5228328704833984,0.78125
29,0.09962764382362366,0.96875
29,0.15293735265731812,0.96875
29,0.04989496245980263,0.96875
29,0.030277039855718613,0.96875
29,0.07907126843929291,0.96875
29,0.044574521481990814,1.0
29,0.038596056401729584,1.0
29,0.024558424949645996,1.0
29,0.1001737043261528,0.9375
29,0.07547523081302643,0.96875
29,0.1319967806339264,0.90625
29,0.08039997518062592,0.96875
29,0.060258153825998306,0.96875
29,0.2806277871131897,0.9375
29,0.03651454299688339,1.0
29,0.049023449420928955,0.96875
29,0.376101016998291,0.875
29,0.06319922208786011,0.9642857313156128
30,0.09259123355150223,0.96875
30,0.03108074516057968,1.0
30,0.12389106303453445,0.9375
30,0.030728593468666077,1.0
30,0.012384697794914246,1.0
30,0.03958839550614357,1.0
30,0.09660008549690247,0.9375
30,0.028795935213565826,1.0
30,0.06650194525718689,0.9375
30,0.05453549325466156,1.0
30,0.03153030201792717,1.0
30,0.003253707429394126,1.0
30,0.1500433385372162,0.90625
30,0.04541730135679245,1.0
30,0.09596992284059525,0.96875
30,0.020294737070798874,1.0
30,0.16474351286888123,0.96875
30,0.04178310185670853,1.0
30,0.032655198127031326,1.0
30,0.08687339723110199,0.96875
30,0.08456069231033325,0.96875
30,0.03211919963359833,1.0
30,0.09263381361961365,0.9375
30,0.020755527541041374,1.0
30,0.24079629778862,0.84375
30,0.07479359209537506,0.9375
30,0.06262500584125519,0.96875
30,0.1834796667098999,0.90625
30,0.055520981550216675,1.0
30,0.03558075800538063,1.0
30,0.13924451172351837,0.9375
30,0.05229272320866585,0.96875
30,0.02605264261364937,1.0
30,0.015826445072889328,1.0
30,0.0063477689400315285,1.0
30,0.00966040138155222,1.0
30,0.12346000969409943,0.96875
30,0.041986461728811264,1.0
30,0.02021864242851734,1.0
30,0.11500111222267151,0.96875
30,0.007120534777641296,1.0
30,0.05451270937919617,0.96875
30,0.07816097140312195,0.96875
30,0.08690675348043442,0.96875
30,0.026083827018737793,1.0
30,0.020719386637210846,1.0
30,0.028463363647460938,1.0
30,0.1138300746679306,0.96875
30,0.04577333852648735,0.96875
30,0.08410539478063583,0.96875
30,0.03193138539791107,0.96875
30,0.09543842077255249,0.96875
30,0.05362013727426529,1.0
30,0.055444639176130295,0.96875
30,0.015562688931822777,1.0
30,0.19227418303489685,0.96875
30,0.12519732117652893,0.96875
30,0.04653559625148773,1.0
31,0.013417593203485012,1.0
31,0.0032005731482058764,1.0
31,0.033893126994371414,1.0
31,0.09674198925495148,0.96875
31,0.12574425339698792,0.96875
31,0.0009458478889428079,1.0
31,0.008507643826305866,1.0
31,0.006673471070826054,1.0
31,0.02826102450489998,1.0
31,0.047835007309913635,0.96875
31,0.06572696566581726,0.96875
31,0.04025764390826225,0.96875
31,0.018253955990076065,1.0
31,0.016130518168210983,1.0
31,0.018975749611854553,1.0
31,0.004610633011907339,1.0
31,0.005328066181391478,1.0
31,0.007781257852911949,1.0
31,0.0120436642318964,1.0
31,0.05648665875196457,0.96875
31,0.010871781036257744,1.0
31,0.03973989933729172,1.0
31,0.22729358077049255,0.96875
31,0.015283668413758278,1.0
31,0.08044129610061646,0.96875
31,0.1378031224012375,0.9375
31,0.045249223709106445,0.96875
31,0.10926151275634766,0.96875
31,0.011945237405598164,1.0
31,0.06862237304449081,0.96875
31,0.012454292736947536,1.0
31,0.3110960125923157,0.90625
31,0.09268303960561752,0.96875
31,0.016873475164175034,1.0
31,0.04288722202181816,1.0
31,0.14016734063625336,0.9375
31,0.1843595802783966,0.90625
31,0.09375841915607452,0.96875
31,0.025187762454152107,0.96875
31,0.008114734664559364,1.0
31,0.027581464499235153,1.0
31,0.006940359249711037,1.0
31,0.15681257843971252,0.9375
31,0.03878942131996155,1.0
31,0.08526373654603958,0.96875
31,0.04338039085268974,0.96875
31,0.13279469311237335,0.9375
31,0.07526618242263794,0.9375
31,0.24630938470363617,0.875
31,0.05332103371620178,0.9375
31,0.02609938010573387,1.0
31,0.01990056410431862,1.0
31,0.09622038900852203,0.96875
31,0.09866391122341156,0.96875
31,0.04044850915670395,1.0
31,0.09571148455142975,0.96875
31,0.09639176726341248,0.9375
31,0.07683437317609787,0.9642857313156128
32,0.05771089345216751,0.9375
32,0.07310311496257782,0.96875
32,0.0857035368680954,0.9375
32,0.04181060194969177,0.96875
32,0.037445198744535446,0.96875
32,0.08119850605726242,0.96875
32,0.09410492330789566,0.96875
32,0.026008009910583496,1.0
32,0.02397257834672928,1.0
32,0.07341247797012329,0.96875
32,0.03249246999621391,0.96875
32,0.036792561411857605,1.0
32,0.037332117557525635,1.0
32,0.052747927606105804,1.0
32,0.00645096693187952,1.0
32,0.004017242696136236,1.0
32,0.008681189268827438,1.0
32,0.012412355281412601,1.0
32,0.04129569232463837,0.96875
32,0.07957711815834045,0.96875
32,0.00857852678745985,1.0
32,0.210402250289917,0.90625
32,0.009253094904124737,1.0
32,0.03896038234233856,1.0
32,0.08347852528095245,0.96875
32,0.00537978345528245,1.0
32,0.02305961214005947,1.0
32,0.047781240195035934,0.96875
32,0.09225387126207352,0.9375
32,0.13338011503219604,0.9375
32,0.05885937809944153,0.96875
32,0.005418734159320593,1.0
32,0.0019054932054132223,1.0
32,0.17280054092407227,0.90625
32,0.07175048440694809,0.96875
32,0.01266977097839117,1.0
32,0.08809369057416916,0.9375
32,0.04248359054327011,0.96875
32,0.11205318570137024,0.90625
32,0.03282347694039345,1.0
32,0.10928381979465485,0.90625
32,0.012796485796570778,1.0
32,0.022092634811997414,1.0
32,0.03770379722118378,0.96875
32,0.002767132595181465,1.0
32,0.02769777551293373,1.0
32,0.01887962594628334,1.0
32,0.0006892562960274518,1.0
32,0.053322117775678635,0.96875
32,0.05077677220106125,0.9375
32,0.126055508852005,0.9375
32,0.016522767022252083,1.0
32,0.03417564556002617,0.96875
32,0.027706865221261978,1.0
32,0.043431125581264496,0.96875
32,0.019017111510038376,1.0
32,0.013996656984090805,1.0
32,0.0023294284474104643,1.0
33,0.022452155128121376,1.0
33,0.006445663049817085,1.0
33,0.008672628551721573,1.0
33,0.019672943279147148,1.0
33,0.006757039576768875,1.0
33,0.001915242406539619,1.0
33,0.06302911043167114,0.96875
33,0.19347676634788513,0.96875
33,0.009455502964556217,1.0
33,0.010219051502645016,1.0
33,0.1075630635023117,0.9375
33,0.025608977302908897,0.96875
33,0.06445697695016861,0.96875
33,0.004326293244957924,1.0
33,0.014320130459964275,1.0
33,0.004432836547493935,1.0
33,0.08705605566501617,0.96875
33,0.018645526841282845,1.0
33,0.03655019775032997,1.0
33,0.10040800273418427,0.9375
33,0.04845826327800751,0.96875
33,0.20893102884292603,0.9375
33,0.06419004499912262,0.96875
33,0.17729878425598145,0.9375
33,0.0009780798573046923,1.0
33,0.10248517990112305,0.9375
33,0.21561868488788605,0.9375
33,0.013926520012319088,1.0
33,0.002149369101971388,1.0
33,0.0951758548617363,0.9375
33,0.1107310801744461,0.96875
33,0.008106407709419727,1.0
33,0.02093161642551422,1.0
33,0.0007320524891838431,1.0
33,0.01394954789429903,1.0
33,0.21948322653770447,0.9375
33,0.11228679865598679,0.9375
33,0.10647835582494736,0.96875
33,0.023680537939071655,1.0
33,0.014427370391786098,1.0
33,0.05827039107680321,0.96875
33,0.02182905189692974,1.0
33,0.004806961864233017,1.0
33,0.01956794410943985,1.0
33,0.015384817495942116,1.0
33,0.028723351657390594,1.0
33,0.006050917319953442,1.0
33,0.136521115899086,0.96875
33,0.021644266322255135,1.0
33,0.03465484455227852,0.96875
33,0.06879554688930511,0.96875
33,0.4733065962791443,0.84375
33,0.02481064572930336,1.0
33,0.018134715035557747,1.0
33,0.02210955135524273,1.0
33,0.053576402366161346,0.96875
33,0.20161107182502747,0.96875
33,0.06251078099012375,0.9642857313156128
34,0.07371065765619278,0.96875
34,0.00745763722807169,1.0
34,0.19918550550937653,0.90625
34,0.08327928185462952,0.96875
34,0.022130027413368225,1.0
34,0.14356780052185059,0.96875
34,0.11919637769460678,0.96875
34,0.12379609793424606,0.9375
34,0.2798844575881958,0.875
34,0.03859821334481239,0.96875
34,0.005573002155870199,1.0
34,0.032061826437711716,1.0
34,0.025251317769289017,1.0
34,0.10234630852937698,0.9375
34,0.08868219703435898,0.96875
34,0.21406017243862152,0.90625
34,0.03158523887395859,1.0
34,0.095570407807827,0.9375
34,0.24319623410701752,0.9375
34,0.04791688919067383,0.96875
34,0.14118385314941406,0.9375
34,0.029177408665418625,1.0
34,0.07055523991584778,0.9375
34,0.0582863949239254,1.0
34,0.1480361521244049,0.9375
34,0.04268904775381088,1.0
34,0.15817181766033173,0.96875
34,0.2541593909263611,0.875
34,0.02751178853213787,1.0
34,0.12262441962957382,0.96875
34,0.01927637681365013,1.0
34,0.10577099770307541,0.9375
34,0.10090339928865433,0.96875
34,0.1595100611448288,0.9375
34,0.03947709500789642,0.96875
34,0.1441795527935028,0.96875
34,0.03845475614070892,0.96875
34,0.015062445774674416,1.0
34,0.008262843824923038,1.0
34,0.27673032879829407,0.90625
34,0.17894548177719116,0.90625
34,0.19418781995773315,0.9375
34,0.05530805513262749,0.96875
34,0.04978571832180023,0.96875
34,0.04000481963157654,0.96875
34,0.12297047674655914,0.9375
34,0.038353580981492996,0.96875
34,0.0510784387588501,0.96875
34,0.05278316140174866,0.96875
34,0.05423369258642197,0.96875
34,0.12725929915905,0.96875
34,0.02231328934431076,1.0
34,0.04915503412485123,0.96875
34,0.15448233485221863,0.9375
34,0.1217288076877594,0.90625
34,0.13495028018951416,0.96875
34,0.017359739169478416,1.0
34,0.09851188957691193,0.9642857313156128
35,0.06764107942581177,1.0
35,0.03232792019844055,1.0
35,0.011407777667045593,1.0
35,0.0026110494509339333,1.0
35,0.13081082701683044,0.96875
35,0.028735239058732986,1.0
35,0.06666702777147293,0.9375
35,0.02162587270140648,1.0
35,0.1260542869567871,0.9375
35,0.05758778005838394,1.0
35,0.008425111882388592,1.0
35,0.07751327753067017,0.9375
35,0.05439578741788864,0.96875
35,0.0061984253115952015,1.0
35,0.004124303814023733,1.0
35,0.026675675064325333,1.0
35,0.0779740959405899,0.96875
35,0.01145375519990921,1.0
35,0.04408200830221176,0.96875
35,0.011695021763443947,1.0
35,0.033036455512046814,1.0
35,0.004198177717626095,1.0
35,0.010489565320312977,1.0
35,0.08891204744577408,0.9375
35,0.025308914482593536,0.96875
35,0.03366869315505028,0.96875
35,0.020930813625454903,1.0
35,0.003626554738730192,1.0
35,0.033399246633052826,0.96875
35,0.007010160945355892,1.0
35,0.03443523496389389,0.96875
35,0.029987387359142303,1.0
35,0.0845041424036026,0.96875
35,0.02681259997189045,1.0
35,0.005617374554276466,1.0
35,0.013484159484505653,1.0
35,0.015130136162042618,1.0
35,0.017971087247133255,1.0
35,0.4185585677623749,0.90625
35,0.008660664781928062,1.0
35,0.1471654772758484,0.9375
35,0.054419130086898804,0.96875
35,0.009287912398576736,1.0
35,0.003342167939990759,1.0
35,0.003364804433658719,1.0
35,0.0010953193996101618,1.0
35,0.013257943093776703,1.0
35,0.18331098556518555,0.96875
35,0.038243427872657776,0.96875
35,0.007799956016242504,1.0
35,0.14714276790618896,0.9375
35,0.022948896512389183,1.0
35,0.00965021550655365,1.0
35,0.013896781019866467,1.0
35,0.06599382311105728,0.96875
35,0.18281087279319763,0.9375
35,0.01318152341991663,1.0
35,0.018476057797670364,1.0
36,0.06592972576618195,0.96875
36,0.03692793846130371,1.0
36,0.02233050763607025,1.0
36,0.12580417096614838,0.96875
36,0.03767211735248566,0.96875
36,0.02108658291399479,1.0
36,0.07999084144830704,0.96875
36,0.010085544548928738,1.0
36,0.008051092736423016,1.0
36,0.03489619866013527,1.0
36,0.02064751647412777,1.0
36,0.1388232409954071,0.96875
36,0.23973333835601807,0.90625
36,0.03326879069209099,0.96875
36,0.005880574695765972,1.0
36,0.019427282735705376,1.0
36,0.12884972989559174,0.96875
36,0.09256761521100998,0.9375
36,0.105536088347435,0.9375
36,0.004663822706788778,1.0
36,0.04425264894962311,1.0
36,0.09781336039304733,0.96875
36,0.010892871767282486,1.0
36,0.3863067924976349,0.90625
36,0.013617328368127346,1.0
36,0.23949997127056122,0.90625
36,0.08524288237094879,0.9375
36,0.01679360494017601,1.0
36,0.021205555647611618,1.0
36,0.020110957324504852,1.0
36,0.08544911444187164,0.96875
36,0.11926628649234772,0.96875
36,0.07045064866542816,0.96875
36,0.03139212355017662,0.96875
36,0.03809785470366478,1.0
36,0.47823846340179443,0.875
36,0.2568737864494324,0.90625
36,0.03283115476369858,0.96875
36,0.17550155520439148,0.96875
36,0.01902833580970764,1.0
36,0.0015223179943859577,1.0
36,0.15559731423854828,0.96875
36,0.13985997438430786,0.96875
36,0.025816060602664948,1.0
36,0.07141301035881042,0.96875
36,0.18415981531143188,0.96875
36,0.07625585049390793,0.96875
36,0.12281060963869095,0.9375
36,0.09654667973518372,0.96875
36,0.22208671271800995,0.90625
36,0.07498003542423248,0.96875
36,0.02177596278488636,1.0
36,0.008494400419294834,1.0
36,0.03070620819926262,1.0
36,0.04061261937022209,0.96875
36,0.049348220229148865,0.96875
36,0.08372299373149872,0.96875
36,0.12016907334327698,0.9285714626312256
37,0.038573626428842545,1.0
37,0.012320843525230885,1.0
37,0.005203637760132551,1.0
37,0.12852293252944946,0.90625
37,0.03190076723694801,1.0
37,0.11532935500144958,0.90625
37,0.14544427394866943,0.96875
37,0.04938945174217224,0.96875
37,0.08498343825340271,0.96875
37,0.13988283276557922,0.9375
37,0.013967309147119522,1.0
37,0.052153103053569794,0.96875
37,0.07488466799259186,0.96875
37,0.008946850895881653,1.0
37,0.05112902820110321,0.96875
37,0.06216796860098839,1.0
37,0.10899892449378967,0.9375
37,0.1673581749200821,0.96875
37,0.03731098026037216,1.0
37,0.008282104507088661,1.0
37,0.047046758234500885,0.96875
37,0.029384464025497437,1.0
37,0.04567079246044159,0.96875
37,0.33171194791793823,0.875
37,0.10175725817680359,0.9375
37,0.011325651779770851,1.0
37,0.01763693429529667,1.0
37,0.17070862650871277,0.96875
37,0.00545938964933157,1.0
37,0.00564219057559967,1.0
37,0.19634422659873962,0.96875
37,0.02608942613005638,1.0
37,0.020749542862176895,1.0
37,0.02587665617465973,1.0
37,0.037001416087150574,1.0
37,0.08557946234941483,0.96875
37,0.039334140717983246,1.0
37,0.12042000144720078,0.9375
37,0.003503509797155857,1.0
37,0.1712350696325302,0.9375
37,0.050310779362916946,0.96875
37,0.004177437629550695,1.0
37,0.0020906543359160423,1.0
37,0.003303381847217679,1.0
37,0.013433359563350677,1.0
37,0.04850349202752113,0.96875
37,0.003168279305100441,1.0
37,0.0061271898448467255,1.0
37,0.026122190058231354,1.0
37,0.0341024287045002,0.96875
37,0.04618912935256958,1.0
37,0.004169788211584091,1.0
37,0.11599310487508774,0.96875
37,0.14339594542980194,0.96875
37,0.06486594676971436,0.96875
37,0.017528362572193146,1.0
37,0.3172595202922821,0.9375
37,0.013205698691308498,1.0
38,0.040547750890254974,1.0
38,0.02106483280658722,1.0
38,0.005115883890539408,1.0
38,0.0669812560081482,0.96875
38,0.004505950957536697,1.0
38,0.033532511442899704,1.0
38,0.0023499405942857265,1.0
38,0.008218945004045963,1.0
38,0.00771043635904789,1.0
38,0.11160504817962646,0.96875
38,0.04350615292787552,0.96875
38,0.12481416761875153,0.90625
38,0.0821618139743805,0.9375
38,0.005707675591111183,1.0
38,0.09431751072406769,0.96875
38,0.006339116487652063,1.0
38,0.0014157691039144993,1.0
38,0.007917966693639755,1.0
38,0.033033762127161026,0.96875
38,0.029174862429499626,1.0
38,0.006722140591591597,1.0
38,0.010690055787563324,1.0
38,0.02698351815342903,1.0
38,0.07079128175973892,0.96875
38,0.023022517561912537,1.0
38,0.05162540078163147,0.96875
38,0.03030133806169033,0.96875
38,0.02079077810049057,1.0
38,0.10285840183496475,0.96875
38,0.0067509314976632595,1.0
38,0.004855362698435783,1.0
38,0.03402907773852348,0.96875
38,0.04462922364473343,0.96875
38,0.011018108576536179,1.0
38,0.0059573715552687645,1.0
38,0.004164933227002621,1.0
38,0.022988952696323395,1.0
38,0.03968098387122154,0.96875
38,0.0007318798452615738,1.0
38,0.008167559280991554,1.0
38,0.0013330916408449411,1.0
38,0.009266991168260574,1.0
38,0.0011469912715256214,1.0
38,0.0008769504493102431,1.0
38,0.0026581522542983294,1.0
38,0.00185483880341053,1.0
38,0.0014885066775605083,1.0
38,0.0395088791847229,0.96875
38,0.003635397180914879,1.0
38,0.00021904859750065953,1.0
38,0.006872006691992283,1.0
38,0.019930031150579453,1.0
38,0.008522904478013515,1.0
38,0.07324323803186417,0.96875
38,0.010135214775800705,1.0
38,0.005180565640330315,1.0
38,0.0633992850780487,0.9375
38,0.02214151993393898,1.0
39,0.0014761353377252817,1.0
39,0.030597109347581863,1.0
39,0.018374962732195854,1.0
39,0.02993207424879074,1.0
39,0.011157485656440258,1.0
39,0.017294354736804962,1.0
39,0.00031216160277836025,1.0
39,0.002944118343293667,1.0
39,0.0045411475002765656,1.0
39,0.00491179246455431,1.0
39,0.0910644456744194,0.96875
39,0.012763094156980515,1.0
39,0.055312737822532654,0.96875
39,0.002414693357422948,1.0
39,0.000715691945515573,1.0
39,0.028578976169228554,0.96875
39,0.030602291226387024,0.96875
39,0.16164417564868927,0.96875
39,0.006866492331027985,1.0
39,0.007827055640518665,1.0
39,0.00045421355753205717,1.0
39,0.0010304107563570142,1.0
39,0.13921277225017548,0.9375
39,0.001084362156689167,1.0
39,0.004642912186682224,1.0
39,0.0013843264896422625,1.0
39,0.003641828428953886,1.0
39,0.0029582888819277287,1.0
39,0.009039497002959251,1.0
39,0.0031813441310077906,1.0
39,0.01871950551867485,1.0
39,0.06634710729122162,0.96875
39,0.08556842058897018,0.96875
39,0.0018359667155891657,1.0
39,0.08300060778856277,0.96875
39,0.011341802775859833,1.0
39,0.031340427696704865,1.0
39,0.12517136335372925,0.9375
39,0.019858967512845993,1.0
39,0.011958833783864975,1.0
39,0.11411768198013306,0.9375
39,0.05305945500731468,0.96875
39,0.03186510130763054,0.96875
39,0.02000749111175537,1.0
39,0.006103314459323883,1.0
39,0.22413863241672516,0.9375
39,0.11044785380363464,0.96875
39,0.00542872492223978,1.0
39,0.11279577016830444,0.96875
39,0.03274748474359512,0.96875
39,0.02585589326918125,1.0
39,0.09343456476926804,0.9375
39,0.005183936096727848,1.0
39,0.008024608716368675,1.0
39,0.08969029784202576,0.96875
39,0.005521825514733791,1.0
39,0.07619986683130264,0.9375
39,0.004544455092400312,1.0
40,0.03227432444691658,0.96875
40,0.018010102212429047,1.0
40,0.0751701295375824,0.9375
40,0.15605580806732178,0.96875
40,0.023063352331519127,1.0
40,0.2543072998523712,0.9375
40,0.0045998794957995415,1.0
40,0.01988072134554386,1.0
40,0.04372471570968628,1.0
40,0.0022540995851159096,1.0
40,0.12081320583820343,0.96875
40,0.03584931418299675,1.0
40,0.1327974498271942,0.9375
40,0.02282034419476986,1.0
40,0.013541905209422112,1.0
40,0.041526347398757935,0.96875
40,0.029272565618157387,1.0
40,0.027348289266228676,0.96875
40,0.01987975835800171,1.0
40,0.1034127026796341,0.96875
40,0.020713765174150467,1.0
40,0.06266080588102341,0.9375
40,0.043857961893081665,0.96875
40,0.024173876270651817,1.0
40,0.007195973768830299,1.0
40,0.0027163506019860506,1.0
40,0.002830308862030506,1.0
40,0.005882062949240208,1.0
40,0.047247521579265594,0.96875
40,0.007730434183031321,1.0
40,0.09778490662574768,0.9375
40,0.020318664610385895,1.0
40,0.01654406264424324,1.0
40,0.0024396288208663464,1.0
40,0.04190516844391823,0.96875
40,0.0128783592954278,1.0
40,0.006388545501977205,1.0
40,0.010256568901240826,1.0
40,0.012580448761582375,1.0
40,0.005793913267552853,1.0
40,0.061446066945791245,0.96875
40,0.009352964349091053,1.0
40,0.0015304306289181113,1.0
40,0.007462413050234318,1.0
40,0.0006623017252422869,1.0
40,0.005888799671083689,1.0
40,0.054737821221351624,0.96875
40,0.0051905494183301926,1.0
40,0.04709966108202934,0.96875
40,0.03977589309215546,0.96875
40,0.004105015657842159,1.0
40,0.026847612112760544,1.0
40,0.06568418443202972,0.96875
40,0.002512984210625291,1.0
40,0.009848937392234802,1.0
40,0.1569119542837143,0.9375
40,0.01582213304936886,1.0
40,0.47836339473724365,0.8928571939468384
41,0.0019455535802990198,1.0
41,0.00044520205119624734,1.0
41,0.010624539107084274,1.0
41,0.0061106132343411446,1.0
41,0.005487516056746244,1.0
41,0.04009130224585533,0.96875
41,0.08549119532108307,0.96875
41,0.005163712427020073,1.0
41,0.03545066714286804,1.0
41,0.009661657735705376,1.0
41,0.020874107256531715,1.0
41,0.0310845747590065,1.0
41,0.015365364030003548,1.0
41,0.001729011768475175,1.0
41,0.011518031358718872,1.0
41,0.019990619271993637,1.0
41,0.051378924399614334,0.96875
41,0.111259326338768,0.96875
41,0.046029362827539444,0.96875
41,0.018014369532465935,1.0
41,0.020579420030117035,1.0
41,0.007016479037702084,1.0
41,0.0048062605783343315,1.0
41,0.28405335545539856,0.90625
41,0.022595424205064774,1.0
41,0.012571207247674465,1.0
41,0.030786074697971344,0.96875
41,0.028224695473909378,1.0
41,0.08932917565107346,0.96875
41,0.15871089696884155,0.96875
41,0.019763249903917313,1.0
41,0.007408067584037781,1.0
41,0.033083707094192505,1.0
41,0.009136402979493141,1.0
41,0.002227167133241892,1.0
41,0.019144533202052116,1.0
41,0.06622227281332016,0.9375
41,0.002900046296417713,1.0
41,0.01261216588318348,1.0
41,0.1727886199951172,0.9375
41,0.02798824943602085,1.0
41,0.037967175245285034,1.0
41,0.04022008925676346,0.96875
41,0.0015801003901287913,1.0
41,0.006539870053529739,1.0
41,0.1662060171365738,0.9375
41,0.010732056573033333,1.0
41,0.005804584361612797,1.0
41,0.03671172261238098,0.96875
41,0.04822049289941788,0.96875
41,0.11274173110723495,0.96875
41,0.019718123599886894,1.0
41,0.17790228128433228,0.9375
41,0.03399049490690231,1.0
41,0.09768585860729218,0.96875
41,0.0015550166135653853,1.0
41,0.016055213287472725,1.0
41,0.007587440777570009,1.0
42,0.1338527798652649,0.9375
42,0.0016710899071767926,1.0
42,0.009447716176509857,1.0
42,0.011934734880924225,1.0
42,0.1978583037853241,0.875
42,0.0937560647726059,0.9375
42,0.008270920254290104,1.0
42,0.032353758811950684,1.0
42,0.009265214204788208,1.0
42,0.06844732165336609,0.9375
42,0.0010368677321821451,1.0
42,0.06413428485393524,0.96875
42,0.03991943970322609,1.0
42,0.06032060459256172,0.96875
42,0.00812280923128128,1.0
42,0.009935462847352028,1.0
42,0.02717965468764305,0.96875
42,0.1969234198331833,0.96875
42,0.18573281168937683,0.96875
42,0.04360125958919525,0.96875
42,0.004099993500858545,1.0
42,0.0012122488114982843,1.0
42,0.05720357596874237,0.96875
42,0.0015124381752684712,1.0
42,0.0074828872457146645,1.0
42,0.002529653487727046,1.0
42,0.09015320986509323,0.96875
42,0.005465685855597258,1.0
42,0.21696028113365173,0.96875
42,0.09616239368915558,0.96875
42,0.019214894622564316,1.0
42,0.021711930632591248,1.0
42,0.008925584144890308,1.0
42,0.0028657007496804,1.0
42,0.016401682049036026,1.0
42,0.05221737548708916,0.96875
42,0.03633115068078041,1.0
42,0.04659994691610336,0.96875
42,0.16530436277389526,0.9375
42,0.04077531769871712,0.96875
42,0.005999280139803886,1.0
42,0.004577971994876862,1.0
42,0.017474982887506485,1.0
42,0.07579796016216278,0.9375
42,0.00290279951877892,1.0
42,0.012247724458575249,1.0
42,0.013160720467567444,1.0
42,0.05395637825131416,0.96875
42,0.02228878065943718,1.0
42,0.03697812929749489,0.96875
42,0.009606139734387398,1.0
42,0.05914118513464928,0.96875
42,0.13290956616401672,0.96875
42,0.12523597478866577,0.96875
42,0.08271186053752899,0.96875
42,0.07344162464141846,0.96875
42,0.05945694074034691,0.96875
42,0.007129932288080454,1.0
43,0.29935383796691895,0.90625
43,0.00421963632106781,1.0
43,0.015934079885482788,1.0
43,0.0020572629291564226,1.0
43,0.00561919528990984,1.0
43,0.020706500858068466,1.0
43,0.05121929571032524,0.96875
43,0.11172934621572495,0.96875
43,0.010919734835624695,1.0
43,0.037760715931653976,0.96875
43,0.011528151109814644,1.0
43,0.04086197540163994,0.96875
43,0.10195650905370712,0.96875
43,0.019912173971533775,1.0
43,0.021616753190755844,1.0
43,0.004858401138335466,1.0
43,0.2691304087638855,0.90625
43,0.17399457097053528,0.9375
43,0.01664448156952858,1.0
43,0.015373166650533676,1.0
43,0.030940420925617218,1.0
43,0.012720391154289246,1.0
43,0.022049713879823685,1.0
43,0.0382031612098217,1.0
43,0.022657625377178192,1.0
43,0.08421720564365387,0.96875
43,0.005291529931128025,1.0
43,0.12887802720069885,0.96875
43,0.028759324923157692,1.0
43,0.25471457839012146,0.90625
43,0.0645657330751419,0.96875
43,0.014817390590906143,1.0
43,0.1269628405570984,0.9375
43,0.010934260673820972,1.0
43,0.06382086127996445,0.96875
43,0.07155770063400269,0.96875
43,0.015148423612117767,1.0
43,0.008409556932747364,1.0
43,0.011679170653223991,1.0
43,0.006377918645739555,1.0
43,0.0779753178358078,0.96875
43,0.03715892136096954,1.0
43,0.14187443256378174,0.96875
43,0.011041712015867233,1.0
43,0.0661977007985115,0.96875
43,0.03671770915389061,0.96875
43,0.16369900107383728,0.90625
43,0.003778228536248207,1.0
43,0.07076329737901688,0.9375
43,0.007710404694080353,1.0
43,0.034038227051496506,0.96875
43,0.018857836723327637,1.0
43,0.022933363914489746,1.0
43,0.05862906575202942,0.96875
43,0.037675052881240845,1.0
43,0.005259753204882145,1.0
43,0.0020739154424518347,1.0
43,0.022988520562648773,1.0
44,0.02107110060751438,1.0
44,0.0028167380951344967,1.0
44,0.0015928751090541482,1.0
44,0.001707700314000249,1.0
44,0.052870653569698334,0.96875
44,0.0012740105157718062,1.0
44,0.001272487686946988,1.0
44,0.05954304710030556,0.96875
44,0.008546072989702225,1.0
44,0.024940012022852898,1.0
44,0.014065805822610855,1.0
44,0.00766507675871253,1.0
44,0.010364874266088009,1.0
44,0.07869774103164673,0.9375
44,0.004880537278950214,1.0
44,0.0015556237194687128,1.0
44,0.009750179946422577,1.0
44,0.002410582033917308,1.0
44,0.006446496583521366,1.0
44,0.0006247679702937603,1.0
44,0.010583250783383846,1.0
44,0.012963579036295414,1.0
44,0.16792500019073486,0.96875
44,0.004376225173473358,1.0
44,0.0011603626189753413,1.0
44,0.14698389172554016,0.9375
44,0.0004550679004751146,1.0
44,0.00022168474970385432,1.0
44,0.08390901982784271,0.96875
44,0.006396615877747536,1.0
